Name,Type,Total,HP,Attack,Defense,Special Attack,Special Defense,Speed
Bulbasaur,GRASS,318,45,49,49,65,65,45
Ivysaur,GRASS,405,60,62,63,80,80,60
Venusaur,GRASS,525,80,82,83,100,100,80
Mega Venusaur,GRASS,625,80,100,123,122,120,80
Charmander,FIRE,309,39,52,43,60,50,65
Charmeleon,FIRE,405,58,64,58,80,65,80
Charizard,FIRE,534,78,84,78,109,85,100
Mega Charizard X,FIRE,634,78,130,111,130,85,100
Mega Charizard Y,FIRE,634,78,104,78,159,115,100
Squirtle,WATER,314,44,48,65,50,64,43
Wartortle,WATER,405,59,63,80,65,80,58
Blastoise,WATER,530,79,83,100,85,105,78
Mega Blastoise,WATER,630,79,103,120,135,115,78
Caterpie,BUG,195,45,30,35,20,20,45
Metapod,BUG,205,50,20,55,25,25,30
Butterfree,BUG,385,60,45,50,80,80,70
Weedle,BUG,195,40,35,30,20,20,50
Kakuna,BUG,205,45,25,50,25,25,35
Beedrill,BUG,385,65,80,40,45,80,75
Pidgey,NORMAL,251,40,45,40,35,35,56
Pidgeotto,NORMAL,349,63,60,55,50,50,71
Pidgeot,NORMAL,469,83,80,75,70,70,91
Rattata,NORMAL,253,30,56,35,25,35,72
Raticate,NORMAL,413,55,81,60,50,70,97
Spearow,NORMAL,262,40,60,30,31,31,70
Fearow,NORMAL,442,65,90,65,61,61,100
Ekans,POISON,288,35,60,44,40,54,55
Arbok,POISON,438,60,85,69,65,79,80
Pikachu,ELECTRIC,300,35,55,30,50,40,90
Raichu,ELECTRIC,475,60,90,55,90,80,100
Sandshrew,GROUND,300,50,75,85,20,30,40
Sandslash,GROUND,450,75,100,110,45,55,65
Nidoran♀,POISON,275,55,47,52,40,40,41
Nidorina,POISON,365,70,62,67,55,55,56
Nidoqueen,POISON,495,90,82,87,75,85,76
Nidoran♂,POISON,273,46,57,40,40,40,50
Nidorino,POISON,365,61,72,57,55,55,65
Nidoking,POISON,495,81,92,77,85,75,85
Clefairy,FAIRY,323,70,45,48,60,65,35
Clefable,FAIRY,473,95,70,73,85,90,60
Vulpix,FIRE,299,38,41,40,50,65,65
Ninetales,FIRE,505,73,76,75,81,100,100
Jigglypuff,NORMAL,270,115,45,20,45,25,20
Wigglytuff,NORMAL,425,140,70,45,75,50,45
Zubat,POISON,245,40,45,35,30,40,55
Golbat,POISON,455,75,80,70,65,75,90
Oddish,GRASS,320,45,50,55,75,65,30
Gloom,GRASS,395,60,65,70,85,75,40
Vileplume,GRASS,480,75,80,85,100,90,50
Paras,BUG,285,35,70,55,45,55,25
Parasect,BUG,405,60,95,80,60,80,30
Venonat,BUG,305,60,55,50,40,55,45
Venomoth,BUG,450,70,65,60,90,75,90
Diglett,GROUND,265,10,55,25,35,45,95
Dugtrio,GROUND,405,35,80,50,50,70,120
Meowth,NORMAL,290,40,45,35,40,40,90
Persian,NORMAL,440,65,70,60,65,65,115
Psyduck,WATER,320,50,52,48,65,50,55
Golduck,WATER,500,80,82,78,95,80,85
Mankey,FIGHTING,305,40,80,35,35,45,70
Primeape,FIGHTING,455,65,105,60,60,70,95
Growlithe,FIRE,350,55,70,45,70,50,60
Arcanine,FIRE,555,90,110,80,100,80,95
Poliwag,WATER,300,40,50,40,40,40,90
Poliwhirl,WATER,385,65,65,65,50,50,90
Poliwrath,WATER,500,90,85,95,70,90,70
Abra,PSYCHIC,310,25,20,15,105,55,90
Kadabra,PSYCHIC,400,40,35,30,120,70,105
Alakazam,PSYCHIC,490,55,50,45,135,85,120
Mega Alakazam,PSYCHIC,590,55,50,65,175,95,150
Machop,FIGHTING,305,70,80,50,35,35,35
Machoke,FIGHTING,405,80,100,70,50,60,45
Machamp,FIGHTING,505,90,130,80,65,85,55
Bellsprout,GRASS,300,50,75,35,70,30,40
Weepinbell,GRASS,390,65,90,50,85,45,55
Victreebel,GRASS,480,80,105,65,100,60,70
Tentacool,WATER,335,40,40,35,50,100,70
Tentacruel,WATER,515,80,70,65,80,120,100
Geodude,ROCK,300,40,80,100,30,30,20
Graveler,ROCK,390,55,95,115,45,45,35
Golem,ROCK,485,80,110,130,55,65,45
Ponyta,FIRE,410,50,85,55,65,65,90
Rapidash,FIRE,500,65,100,70,80,80,105
Slowpoke,WATER,315,90,65,65,40,40,15
Slowbro,WATER,490,95,75,110,100,80,30
Magnemite,ELECTRIC,325,25,35,70,95,55,45
Magneton,ELECTRIC,465,50,60,95,120,70,70
Farfetch'd,NORMAL,352,52,65,55,58,62,60
Doduo,NORMAL,310,35,85,45,35,35,75
Dodrio,NORMAL,460,60,110,70,60,60,100
Seel,WATER,325,65,45,55,45,70,45
Dewgong,WATER,475,90,70,80,70,95,70
Grimer,POISON,325,80,80,50,40,50,25
Muk,POISON,500,105,105,75,65,100,50
Shellder,WATER,305,30,65,100,45,25,40
Cloyster,WATER,525,50,95,180,85,45,70
Gastly,GHOST,310,30,35,30,100,35,80
Haunter,GHOST,405,45,50,45,115,55,95
Gengar,GHOST,500,60,65,60,130,75,110
Mega Gengar,GHOST,600,60,65,80,170,95,130
Onix,ROCK,385,35,45,160,30,45,70
Drowzee,PSYCHIC,328,60,48,45,43,90,42
Hypno,PSYCHIC,483,85,73,70,73,115,67
Krabby,WATER,325,30,105,90,25,25,50
Kingler,WATER,475,55,130,115,50,50,75
Voltorb,ELECTRIC,330,40,30,50,55,55,100
Electrode,ELECTRIC,480,60,50,70,80,80,140
Exeggcute,GRASS,325,60,40,80,60,45,40
Exeggutor,GRASS,520,95,95,85,125,65,55
Cubone,GROUND,320,50,50,95,40,50,35
Marowak,GROUND,425,60,80,110,50,80,45
Hitmonlee,FIGHTING,455,50,120,53,35,110,87
Hitmonchan,FIGHTING,455,50,105,79,35,110,76
Lickitung,NORMAL,385,90,55,75,60,75,30
Koffing,POISON,340,40,65,95,60,45,35
Weezing,POISON,490,65,90,120,85,70,60
Rhyhorn,GROUND,345,80,85,95,30,30,25
Rhydon,GROUND,485,105,130,120,45,45,40
Chansey,NORMAL,450,250,5,5,35,105,50
Tangela,GRASS,435,65,55,115,100,40,60
Kangaskhan,NORMAL,490,105,95,80,40,80,90
Mega Kangaskhan,NORMAL,590,105,125,100,60,100,100
Horsea,WATER,295,30,40,70,70,25,60
Seadra,WATER,440,55,65,95,95,45,85
Goldeen,WATER,320,45,67,60,35,50,63
Seaking,WATER,450,80,92,65,65,80,68
Staryu,WATER,340,30,45,55,70,55,85
Starmie,WATER,520,60,75,85,100,85,115
Mr. Mime,PSYCHIC,460,40,45,65,100,120,90
Scyther,BUG,500,70,110,80,55,80,105
Jynx,ICE,455,65,50,35,115,95,95
Electabuzz,ELECTRIC,490,65,83,57,95,85,105
Magmar,FIRE,495,65,95,57,100,85,93
Pinsir,BUG,500,65,125,100,55,70,85
Mega Pinsir,BUG,600,65,155,120,65,90,105
Tauros,NORMAL,490,75,100,95,40,70,110
Magikarp,WATER,200,20,10,55,15,20,80
Gyarados,WATER,540,95,125,79,60,100,81
Mega Gyarados,WATER,640,95,155,109,70,130,81
Lapras,WATER,535,130,85,80,85,95,60
Ditto,NORMAL,288,48,48,48,48,48,48
Eevee,NORMAL,325,55,55,50,45,65,55
Vaporeon,WATER,525,130,65,60,110,95,65
Jolteon,ELECTRIC,525,65,65,60,110,95,130
Flareon,FIRE,525,65,130,60,95,110,65
Porygon,NORMAL,395,65,60,70,85,75,40
Omanyte,ROCK,355,35,40,100,90,55,35
Omastar,ROCK,495,70,60,125,115,70,55
Kabuto,ROCK,355,30,80,90,55,45,55
Kabutops,ROCK,495,60,115,105,65,70,80
Aerodactyl,ROCK,515,80,105,65,60,75,130
Mega Aerodactyl,ROCK,615,80,135,85,70,95,150
Snorlax,NORMAL,540,160,110,65,65,110,30
Articuno,ICE,580,90,85,100,95,125,85
Zapdos,ELECTRIC,580,90,90,85,125,90,100
Moltres,FIRE,580,90,100,90,125,85,90
Dratini,DRAGON,300,41,64,45,50,50,50
Dragonair,DRAGON,420,61,84,65,70,70,70
Dragonite,DRAGON,600,91,134,95,100,100,80
Mewtwo,PSYCHIC,680,106,110,90,154,90,130
Mega Mewtwo X,PSYCHIC,780,106,190,100,154,100,130
Mega Mewtwo Y,PSYCHIC,780,106,150,70,194,120,140
Mew,PSYCHIC,600,100,100,100,100,100,100
Chikorita,GRASS,318,45,49,65,49,65,45
Bayleef,GRASS,405,60,62,80,63,80,60
Meganium,GRASS,525,80,82,100,83,100,80
Cyndaquil,FIRE,309,39,52,43,60,50,65
Quilava,FIRE,405,58,64,58,80,65,80
Typhlosion,FIRE,534,78,84,78,109,85,100
Totodile,WATER,314,50,65,64,44,48,43
Croconaw,WATER,405,65,80,80,59,63,58
Feraligatr,WATER,530,85,105,100,79,83,78
Sentret,NORMAL,215,35,46,34,35,45,20
Furret,NORMAL,415,85,76,64,45,55,90
Hoothoot,NORMAL,262,60,30,30,36,56,50
Noctowl,NORMAL,442,100,50,50,76,96,70
Ledyba,BUG,265,40,20,30,40,80,55
Ledian,BUG,390,55,35,50,55,110,85
Spinarak,BUG,250,40,60,40,40,40,30
Ariados,BUG,390,70,90,70,60,60,40
Crobat,POISON,535,85,90,80,70,80,130
Chinchou,WATER,330,75,38,38,56,56,67
Lanturn,WATER,460,125,58,58,76,76,67
Pichu,ELECTRIC,205,20,40,15,35,35,60
Cleffa,FAIRY,218,50,25,28,45,55,15
Igglybuff,NORMAL,210,90,30,15,40,20,15
Togepi,FAIRY,245,35,20,65,40,65,20
Togetic,FAIRY,405,55,40,85,80,105,40
Natu,PSYCHIC,320,40,50,45,70,45,70
Xatu,PSYCHIC,470,65,75,70,95,70,95
Mareep,ELECTRIC,280,55,40,40,65,45,35
Flaaffy,ELECTRIC,365,70,55,55,80,60,45
Ampharos,ELECTRIC,500,90,75,75,115,90,55
Mega Ampharos,ELECTRIC,610,90,95,105,165,110,45
Bellossom,GRASS,480,75,80,85,90,100,50
Marill,WATER,250,70,20,50,20,50,40
Azumarill,WATER,410,100,50,80,50,80,50
Sudowoodo,ROCK,410,70,100,115,30,65,30
Politoed,WATER,500,90,75,75,90,100,70
Hoppip,GRASS,250,35,35,40,35,55,50
Skiploom,GRASS,340,55,45,50,45,65,80
Jumpluff,GRASS,450,75,55,70,55,85,110
Aipom,NORMAL,360,55,70,55,40,55,85
Sunkern,GRASS,180,30,30,30,30,30,30
Sunflora,GRASS,425,75,75,55,105,85,30
Yanma,BUG,390,65,65,45,75,45,95
Wooper,WATER,210,55,45,45,25,25,15
Quagsire,WATER,430,95,85,85,65,65,35
Espeon,PSYCHIC,525,65,65,60,130,95,110
Umbreon,DARK,525,95,65,110,60,130,65
Murkrow,DARK,405,60,85,42,85,42,91
Slowking,WATER,490,95,75,80,100,110,30
Misdreavus,GHOST,435,60,60,60,85,85,85
Unown,PSYCHIC,336,48,72,48,72,48,48
Wobbuffet,PSYCHIC,405,190,33,58,33,58,33
Girafarig,NORMAL,455,70,80,65,90,65,85
Pineco,BUG,290,50,65,90,35,35,15
Forretress,BUG,465,75,90,140,60,60,40
Dunsparce,NORMAL,415,100,70,70,65,65,45
Gligar,GROUND,430,65,75,105,35,65,85
Steelix,STEEL,510,75,85,200,55,65,30
Snubbull,FAIRY,300,60,80,50,40,40,30
Granbull,FAIRY,450,90,120,75,60,60,45
Qwilfish,WATER,430,65,95,75,55,55,85
Scizor,BUG,500,70,130,100,55,80,65
Mega Scizor,BUG,600,70,150,140,65,100,75
Shuckle,BUG,505,20,10,230,10,230,5
Heracross,BUG,500,80,125,75,40,95,85
Mega Heracross,BUG,600,80,185,115,40,105,75
Sneasel,DARK,430,55,95,55,35,75,115
Teddiursa,NORMAL,330,60,80,50,50,50,40
Ursaring,NORMAL,500,90,130,75,75,75,55
Slugma,FIRE,250,40,40,40,70,40,20
Magcargo,FIRE,410,50,50,120,80,80,30
Swinub,ICE,250,50,50,40,30,30,50
Piloswine,ICE,450,100,100,80,60,60,50
Corsola,WATER,380,55,55,85,65,85,35
Remoraid,WATER,300,35,65,35,65,35,65
Octillery,WATER,480,75,105,75,105,75,45
Delibird,ICE,330,45,55,45,65,45,75
Mantine,WATER,465,65,40,70,80,140,70
Skarmory,STEEL,465,65,80,140,40,70,70
Houndour,DARK,330,45,60,30,80,50,65
Houndoom,DARK,500,75,90,50,110,80,95
Mega Houndoom,DARK,600,75,90,90,140,90,115
Kingdra,WATER,540,75,95,95,95,95,85
Phanpy,GROUND,330,90,60,60,40,40,40
Donphan,GROUND,500,90,120,120,60,60,50
Porygon2,NORMAL,515,85,80,90,105,95,60
Stantler,NORMAL,465,73,95,62,85,65,85
Smeargle,NORMAL,250,55,20,35,20,45,75
Tyrogue,FIGHTING,210,35,35,35,35,35,35
Hitmontop,FIGHTING,455,50,95,95,35,110,70
Smoochum,ICE,305,45,30,15,85,65,65
Elekid,ELECTRIC,360,45,63,37,65,55,95
Magby,FIRE,365,45,75,37,70,55,83
Miltank,NORMAL,490,95,80,105,40,70,100
Blissey,NORMAL,540,255,10,10,75,135,55
Raikou,ELECTRIC,580,90,85,75,115,100,115
Entei,FIRE,580,115,115,85,90,75,100
Suicune,WATER,580,100,75,115,90,115,85
Larvitar,ROCK,300,50,64,50,45,50,41
Pupitar,ROCK,410,70,84,70,65,70,51
Tyranitar,ROCK,600,100,134,110,95,100,61
Mega Tyranitar,ROCK,700,100,164,150,95,120,71
Lugia,PSYCHIC,680,106,90,130,90,154,110
Ho-oh,FIRE,680,106,130,90,110,154,90
Celebi,PSYCHIC,600,100,100,100,100,100,100
Treecko,GRASS,310,40,45,35,65,55,70
Grovyle,GRASS,405,50,65,45,85,65,95
Sceptile,GRASS,530,70,85,65,105,85,120
Torchic,FIRE,310,45,60,40,70,50,45
Combusken,FIRE,405,60,85,60,85,60,55
Blaziken,FIRE,530,80,120,70,110,70,80
Mega Blaziken,FIRE,630,80,160,80,130,80,100
Mudkip,WATER,310,50,70,50,50,50,40
Marshtomp,WATER,405,70,85,70,60,70,50
Swampert,WATER,535,100,110,90,85,90,60
Poochyena,DARK,220,35,55,35,30,30,35
Mightyena,DARK,420,70,90,70,60,60,70
Zigzagoon,NORMAL,240,38,30,41,30,41,60
Linoone,NORMAL,420,78,70,61,50,61,100
Wurmple,BUG,195,45,45,35,20,30,20
Silcoon,BUG,205,50,35,55,25,25,15
Beautifly,BUG,385,60,70,50,90,50,65
Cascoon,BUG,205,50,35,55,25,25,15
Dustox,BUG,385,60,50,70,50,90,65
Lotad,WATER,220,40,30,30,40,50,30
Lombre,WATER,340,60,50,50,60,70,50
Ludicolo,WATER,480,80,70,70,90,100,70
Seedot,GRASS,220,40,40,50,30,30,30
Nuzleaf,GRASS,340,70,70,40,60,40,60
Shiftry,GRASS,480,90,100,60,90,60,80
Taillow,NORMAL,270,40,55,30,30,30,85
Swellow,NORMAL,430,60,85,60,50,50,125
Wingull,WATER,270,40,30,30,55,30,85
Pelipper,WATER,430,60,50,100,85,70,65
Ralts,PSYCHIC,198,28,25,25,45,35,40
Kirlia,PSYCHIC,278,38,35,35,65,55,50
Gardevoir,PSYCHIC,518,68,65,65,125,115,80
Mega Gardevoir,PSYCHIC,618,68,85,65,165,135,100
Surskit,BUG,269,40,30,32,50,52,65
Masquerain,BUG,414,70,60,62,80,82,60
Shroomish,GRASS,295,60,40,60,40,60,35
Breloom,GRASS,460,60,130,80,60,60,70
Slakoth,NORMAL,280,60,60,60,35,35,30
Vigoroth,NORMAL,440,80,80,80,55,55,90
Slaking,NORMAL,670,150,160,100,95,65,100
Nincada,BUG,266,31,45,90,30,30,40
Ninjask,BUG,456,61,90,45,50,50,160
Shedinja,BUG,236,1,90,45,30,30,40
Whismur,NORMAL,240,64,51,23,51,23,28
Loudred,NORMAL,360,84,71,43,71,43,48
Exploud,NORMAL,480,104,91,63,91,63,68
Makuhita,FIGHTING,237,72,60,30,20,30,25
Hariyama,FIGHTING,474,144,120,60,40,60,50
Azurill,NORMAL,190,50,20,40,20,40,20
Nosepass,ROCK,375,30,45,135,45,90,30
Skitty,NORMAL,260,50,45,45,35,35,50
Delcatty,NORMAL,380,70,65,65,55,55,70
Sableye,DARK,380,50,75,75,65,65,50
Mawile,STEEL,380,50,85,85,55,55,50
Mega Mawile,STEEL,520,50,105,125,55,95,90
Aron,STEEL,330,50,70,100,40,40,30
Lairon,STEEL,430,60,90,140,50,50,40
Aggron,STEEL,530,70,110,180,60,60,50
Mega Aggron,STEEL,630,70,140,230,60,80,50
Meditite,FIGHTING,280,30,40,55,40,55,60
Medicham,FIGHTING,410,60,60,75,60,75,80
Mega Medicham,FIGHTING,510,60,100,85,80,85,100
Electrike,ELECTRIC,295,40,45,40,65,40,65
Manectric,ELECTRIC,475,70,75,60,105,60,105
Mega Manectric,ELECTRIC,575,70,75,80,135,80,135
Plusle,ELECTRIC,405,60,50,40,85,75,95
Minun,ELECTRIC,405,60,40,50,75,85,95
Volbeat,BUG,400,65,73,55,47,75,85
Illumise,BUG,400,65,47,55,73,75,85
Roselia,GRASS,400,50,60,45,100,80,65
Gulpin,POISON,302,70,43,53,43,53,40
Swalot,POISON,467,100,73,83,73,83,55
Carvanha,WATER,305,45,90,20,65,20,65
Sharpedo,WATER,460,70,120,40,95,40,95
Wailmer,WATER,400,130,70,35,70,35,60
Wailord,WATER,500,170,90,45,90,45,60
Numel,FIRE,305,60,60,40,65,45,35
Camerupt,FIRE,460,70,100,70,105,75,40
Torkoal,FIRE,470,70,85,140,85,70,20
Spoink,PSYCHIC,330,60,25,35,70,80,60
Grumpig,PSYCHIC,470,80,45,65,90,110,80
Spinda,NORMAL,360,60,60,60,60,60,60
Trapinch,GROUND,290,45,100,45,45,45,10
Vibrava,GROUND,340,50,70,50,50,50,70
Flygon,GROUND,520,80,100,80,80,80,100
Cacnea,GRASS,335,50,85,40,85,40,35
Cacturne,GRASS,475,70,115,60,115,60,55
Swablu,NORMAL,310,45,40,60,40,75,50
Altaria,DRAGON,490,75,70,90,70,105,80
Zangoose,NORMAL,458,73,115,60,60,60,90
Seviper,POISON,458,73,100,60,100,60,65
Lunatone,ROCK,440,70,55,65,95,85,70
Solrock,ROCK,440,70,95,85,55,65,70
Barboach,WATER,288,50,48,43,46,41,60
Whiscash,WATER,468,110,78,73,76,71,60
Corphish,WATER,308,43,80,65,50,35,35
Crawdaunt,WATER,468,63,120,85,90,55,55
Baltoy,GROUND,300,40,40,55,40,70,55
Claydol,GROUND,500,60,70,105,70,120,75
Lileep,ROCK,355,66,41,77,61,87,23
Cradily,ROCK,495,86,81,97,81,107,43
Anorith,ROCK,355,45,95,50,40,50,75
Armaldo,ROCK,495,75,125,100,70,80,45
Feebas,WATER,200,20,15,20,10,55,80
Milotic,WATER,540,95,60,79,100,125,81
Castform,NORMAL,420,70,70,70,70,70,70
Kecleon,NORMAL,440,60,90,70,60,120,40
Shuppet,GHOST,295,44,75,35,63,33,45
Banette,GHOST,455,64,115,65,83,63,65
Mega Banette,GHOST,555,64,165,75,93,83,75
Duskull,GHOST,295,20,40,90,30,90,25
Dusclops,GHOST,455,40,70,130,60,130,25
Tropius,GRASS,460,99,68,83,72,87,51
Chimecho,PSYCHIC,425,65,50,70,95,80,65
Absol,DARK,465,65,130,60,75,60,75
Mega Absol,DARK,565,65,150,60,115,60,115
Wynaut,PSYCHIC,260,95,23,48,23,48,23
Snorunt,ICE,300,50,50,50,50,50,50
Glalie,ICE,480,80,80,80,80,80,80
Spheal,ICE,290,70,40,50,55,50,25
Sealeo,ICE,410,90,60,70,75,70,45
Walrein,ICE,530,110,80,90,95,90,65
Clamperl,WATER,345,35,64,85,74,55,32
Huntail,WATER,485,55,104,105,94,75,52
Gorebyss,WATER,485,55,84,105,114,75,52
Relicanth,WATER,485,100,90,130,45,65,55
Luvdisc,WATER,330,43,30,55,40,65,97
Bagon,DRAGON,300,45,75,60,40,30,50
Shelgon,DRAGON,420,65,95,100,60,50,50
Salamence,DRAGON,600,95,135,80,110,80,100
Beldum,STEEL,300,40,55,80,35,60,30
Metang,STEEL,420,60,75,100,55,80,50
Metagross,STEEL,600,80,135,130,95,90,70
Regirock,ROCK,580,80,100,200,50,100,50
Regice,ICE,580,80,50,100,100,200,50
Registeel,STEEL,580,80,75,150,75,150,50
Latias,DRAGON,600,80,80,90,110,130,110
Latios,DRAGON,600,80,90,80,130,110,110
Kyogre,WATER,670,100,100,90,150,140,90
Groudon,GROUND,670,100,150,140,100,90,90
Rayquaza,DRAGON,680,105,150,90,150,90,95
Jirachi,STEEL,600,100,100,100,100,100,100
Deoxys- Normal Forme,PSYCHIC,600,50,150,50,150,50,150
Deoxys- Attack Forme,PSYCHIC,600,50,180,20,180,20,150
Deoxys- Defense Forme,PSYCHIC,600,50,70,160,70,160,90
Deoxys- Speed Forme,PSYCHIC,600,50,95,90,95,90,180
Turtwig,GRASS,318,55,68,64,45,55,31
Grotle,GRASS,405,75,89,85,55,65,36
Torterra,GRASS,525,95,109,105,75,85,56
Chimchar,FIRE,309,44,58,44,58,44,61
Monferno,FIRE,405,64,78,52,78,52,81
Infernape,FIRE,534,76,104,71,104,71,108
Piplup,WATER,314,53,51,53,61,56,40
Prinplup,WATER,405,64,66,68,81,76,50
Empoleon,WATER,530,84,86,88,111,101,60
Starly,NORMAL,245,40,55,30,30,30,60
Staravia,NORMAL,340,55,75,50,40,40,80
Staraptor,NORMAL,475,85,120,70,50,50,100
Bidoof,NORMAL,250,59,45,40,35,40,31
Bibarel,NORMAL,410,79,85,60,55,60,71
Kricketot,BUG,194,37,25,41,25,41,25
Kricketune,BUG,384,77,85,51,55,51,65
Shinx,ELECTRIC,263,45,65,34,40,34,45
Luxio,ELECTRIC,363,60,85,49,60,49,60
Luxray,ELECTRIC,523,80,120,79,95,79,70
Budew,GRASS,280,40,30,35,50,70,55
Roserade,GRASS,505,60,70,55,125,105,90
Cranidos,ROCK,350,67,125,40,30,30,58
Rampardos,ROCK,495,97,165,60,65,50,58
Shieldon,ROCK,350,30,42,118,42,88,30
Bastiodon,ROCK,495,60,52,168,47,138,30
Burmy,BUG,224,40,29,45,29,45,36
Wormadam- Plant Cloak,BUG,424,60,59,85,79,105,36
Wormadam- Sandy Cloak,BUG,424,60,79,105,59,85,36
Wormadam- Trash Cloak,BUG,424,60,69,95,69,95,36
Mothim,BUG,424,70,94,50,94,50,66
Combee,BUG,244,30,30,42,30,42,70
Vespiquen,BUG,474,70,80,102,80,102,40
Pachirisu,ELECTRIC,405,60,45,70,45,90,95
Buizel,WATER,330,55,65,35,60,30,85
Floatzel,WATER,495,85,105,55,85,50,115
Cherubi,GRASS,275,45,35,45,62,53,35
Cherrim,GRASS,450,70,60,70,87,78,85
Shellos,WATER,325,76,48,48,57,62,34
Gastrodon,WATER,475,111,83,68,92,82,39
Ambipom,NORMAL,482,75,100,66,60,66,115
Drifloon,GHOST,348,90,50,34,60,44,70
Drifblim,GHOST,498,150,80,44,90,54,80
Buneary,NORMAL,350,55,66,44,44,56,85
Lopunny,NORMAL,480,65,76,84,54,96,105
Mismagius,GHOST,495,60,60,60,105,105,105
Honchkrow,DARK,505,100,125,52,105,52,71
Glameow,NORMAL,310,49,55,42,42,37,85
Purugly,NORMAL,452,71,82,64,64,59,112
Chingling,PSYCHIC,285,45,30,50,65,50,45
Stunky,POISON,329,63,63,47,41,41,74
Skuntank,POISON,479,103,93,67,71,61,84
Bronzor,STEEL,300,57,24,86,24,86,23
Bronzong,STEEL,500,67,89,116,79,116,33
Bonsly,ROCK,290,50,80,95,10,45,10
Mime Jr.,PSYCHIC,310,20,25,45,70,90,60
Happiny,NORMAL,220,100,5,5,15,65,30
Chatot,NORMAL,411,76,65,45,92,42,91
Spiritomb,GHOST,485,50,92,108,92,108,35
Gible,DRAGON,300,58,70,45,40,45,42
Gabite,DRAGON,410,68,90,65,50,55,82
Garchomp,DRAGON,600,108,130,95,80,85,102
Mega Garchomp,DRAGON,700,108,170,115,120,95,92
Munchlax,NORMAL,390,135,85,40,40,85,5
Riolu,FIGHTING,285,40,70,40,35,40,60
Lucario,FIGHTING,525,70,110,70,115,70,90
Mega Lucario,FIGHTING,625,70,145,88,140,70,112
Hippopotas,GROUND,330,68,72,78,38,42,32
Hippowdon,GROUND,525,108,112,118,68,72,47
Skorupi,POISON,330,40,50,90,30,55,65
Drapion,POISON,500,70,90,110,60,75,95
Croagunk,POISON,300,48,61,40,61,40,50
Toxicroak,POISON,490,83,106,65,86,65,85
Carnivine,GRASS,454,74,100,72,90,72,46
Finneon,WATER,330,49,49,56,49,61,66
Lumineon,WATER,460,69,69,76,69,86,91
Mantyke,WATER,345,45,20,50,60,120,50
Snover,GRASS,334,60,62,50,62,60,40
Abomasnow,GRASS,494,90,92,75,92,85,60
Mega Abomasnow,GRASS,594,90,132,105,132,105,30
Weavile,DARK,510,70,120,65,45,85,125
Magnezone,ELECTRIC,535,70,70,115,130,90,60
Lickilicky,NORMAL,515,110,85,95,80,95,50
Rhyperior,GROUND,535,115,140,130,55,55,40
Tangrowth,GRASS,535,100,100,125,110,50,50
Electivire,ELECTRIC,540,75,123,67,95,85,95
Magmortar,FIRE,540,75,95,67,125,95,83
Togekiss,FAIRY,545,85,50,95,120,115,80
Yanmega,BUG,515,86,76,86,116,56,95
Leafeon,GRASS,525,65,110,130,60,65,95
Glaceon,ICE,525,65,60,110,130,95,65
Gliscor,GROUND,510,75,95,125,45,75,95
Mamoswine,ICE,530,110,130,80,70,60,80
Porygon-Z,NORMAL,535,85,80,70,135,75,90
Gallade,PSYCHIC,518,68,125,65,65,115,80
Probopass,ROCK,525,60,55,145,75,150,40
Dusknoir,GHOST,525,45,100,135,65,135,45
Froslass,ICE,480,70,80,70,80,70,110
Rotom,ELECTRIC,440,50,50,77,95,77,91
Heat Rotom,ELECTRIC,520,50,65,107,105,107,86
Wash Rotom,ELECTRIC,520,50,65,107,105,107,86
Frost Rotom,ELECTRIC,520,50,65,107,105,107,86
Fan Rotom,ELECTRIC,520,50,65,107,105,107,86
Mow Rotom,ELECTRIC,520,50,65,107,105,107,86
Uxie,PSYCHIC,580,75,75,130,75,130,95
Mesprit,PSYCHIC,580,80,105,105,105,105,80
Azelf,PSYCHIC,580,75,125,70,125,70,115
Dialga,STEEL,680,100,120,120,150,100,90
Palkia,WATER,680,90,120,100,150,120,100
Heatran,FIRE,600,91,90,106,130,106,77
Regigigas,NORMAL,670,110,160,110,80,110,100
Giratina- Altered Forme,GHOST,680,150,100,120,100,120,90
Giratina- Origin Forme,GHOST,680,150,120,100,120,100,90
Cresselia,PSYCHIC,600,120,70,120,75,130,85
Phione,WATER,480,80,80,80,80,80,80
Manaphy,WATER,600,100,100,100,100,100,100
Darkrai,DARK,600,70,90,90,135,90,125
Shaymin- Land Forme,GRASS,600,100,100,100,100,100,100
Shaymin- Sky Forme,GRASS,600,100,103,75,120,75,127
Arceus,NORMAL,720,120,120,120,120,120,120
Victini,PSYCHIC,600,100,100,100,100,100,100
Snivy,GRASS,308,45,45,55,45,55,63
Servine,GRASS,413,60,60,75,60,75,83
Serperior,GRASS,528,75,75,95,75,95,113
Tepig,FIRE,308,65,63,45,45,45,45
Pignite,FIRE,418,90,93,55,70,55,55
Emboar,FIRE,528,110,123,65,100,65,65
Oshawott,WATER,308,55,55,45,63,45,45
Dewott,WATER,413,75,75,60,83,60,60
Samurott,WATER,528,95,100,85,108,70,70
Patrat,NORMAL,255,45,55,39,35,39,42
Watchog,NORMAL,420,60,85,69,60,69,77
Lillipup,NORMAL,275,45,60,45,25,45,55
Herdier,NORMAL,370,65,80,65,35,65,60
Stoutland,NORMAL,490,85,100,90,45,90,80
Purrloin,DARK,281,41,50,37,50,37,66
Liepard,DARK,446,64,88,50,88,50,106
Pansage,GRASS,316,50,53,48,53,48,64
Simisage,GRASS,498,75,98,63,98,63,101
Pansear,FIRE,316,50,53,48,53,48,64
Simisear,FIRE,498,75,98,63,98,63,101
Panpour,WATER,316,50,53,48,53,48,64
Simipour,WATER,498,75,98,63,98,63,101
Munna,PSYCHIC,292,76,25,45,67,55,24
Musharna,PSYCHIC,487,116,55,85,107,95,29
Pidove,NORMAL,264,50,55,50,36,30,43
Tranquill,NORMAL,358,62,77,62,50,42,65
Unfezant,NORMAL,478,80,105,80,65,55,93
Blitzle,ELECTRIC,295,45,60,32,50,32,76
Zebstrika,ELECTRIC,497,75,100,63,80,63,116
Roggenrola,ROCK,280,55,75,85,25,25,15
Boldore,ROCK,390,70,105,105,50,40,20
Gigalith,ROCK,505,85,135,130,60,70,25
Woobat,PSYCHIC,313,55,45,43,55,43,72
Swoobat,PSYCHIC,425,67,57,55,77,55,114
Drilbur,GROUND,328,60,85,40,30,45,68
Excadrill,GROUND,508,110,135,60,50,65,88
Audino,NORMAL,445,103,60,86,60,86,50
Timburr,FIGHTING,305,75,80,55,25,35,35
Gurdurr,FIGHTING,405,85,105,85,40,50,40
Conkeldurr,FIGHTING,505,105,140,95,55,65,45
Tympole,WATER,294,50,50,40,50,40,64
Palpitoad,WATER,384,75,65,55,65,55,69
Seismitoad,WATER,499,105,85,75,85,75,74
Throh,FIGHTING,465,120,100,85,30,85,45
Sawk,FIGHTING,465,75,125,75,30,75,85
Sewaddle,BUG,310,45,53,70,40,60,42
Swadloon,BUG,380,55,63,90,50,80,42
Leavanny,BUG,490,75,103,80,70,70,92
Venipede,BUG,260,30,45,59,30,39,57
Whirlipede,BUG,360,40,55,99,40,79,47
Scolipede,BUG,475,60,90,89,55,69,112
Cottonee,GRASS,280,40,27,60,37,50,66
Whimsicott,GRASS,480,60,67,85,77,75,116
Petilil,GRASS,280,45,35,50,70,50,30
Lilligant,GRASS,480,70,60,75,110,75,90
Basculin,WATER,460,70,92,65,80,55,98
Sandile,GROUND,292,50,72,35,35,35,65
Krokorok,GROUND,351,60,82,45,45,45,74
Krookodile,GROUND,509,95,117,70,65,70,92
Darumaka,FIRE,315,70,90,45,15,45,50
Darmanitan- Standard Mode,FIRE,480,105,140,55,30,55,95
Darmanitan- Zen Mode,FIRE,540,105,30,105,140,105,55
Maractus,GRASS,461,75,86,67,106,67,60
Dwebble,BUG,325,50,65,85,35,35,55
Crustle,BUG,475,70,95,125,65,75,45
Scraggy,DARK,348,50,75,70,35,70,48
Scrafty,DARK,488,65,90,115,45,115,58
Sigilyph,PSYCHIC,490,72,58,80,103,80,97
Yamask,GHOST,303,38,30,85,55,65,30
Cofagrigus,GHOST,483,58,50,145,95,105,30
Tirtouga,WATER,355,54,78,103,53,45,22
Carracosta,WATER,495,74,108,133,83,65,32
Archen,ROCK,401,55,112,45,74,45,70
Archeops,ROCK,567,75,140,65,112,65,110
Trubbish,POISON,329,50,50,62,40,62,65
Garbodor,POISON,474,80,95,82,60,82,75
Zorua,DARK,330,40,65,40,80,40,65
Zoroark,DARK,510,60,105,60,120,60,105
Minccino,NORMAL,300,55,50,40,40,40,75
Cinccino,NORMAL,470,75,95,60,65,60,115
Gothita,PSYCHIC,290,45,30,50,55,65,45
Gothorita,PSYCHIC,390,60,45,70,75,85,55
Gothitelle,PSYCHIC,490,70,55,95,95,110,65
Solosis,PSYCHIC,290,45,30,40,105,50,20
Duosion,PSYCHIC,370,65,40,50,125,60,30
Reuniclus,PSYCHIC,490,110,65,75,125,85,30
Ducklett,WATER,305,62,44,50,44,50,55
Swanna,WATER,473,75,87,63,87,63,98
Vanillite,ICE,305,36,50,50,65,60,44
Vanillish,ICE,395,51,65,65,80,75,59
Vanilluxe,ICE,535,71,95,85,110,95,79
Deerling,NORMAL,335,60,60,50,40,50,75
Sawsbuck,NORMAL,475,80,100,70,60,70,95
Emolga,ELECTRIC,428,55,75,60,75,60,103
Karrablast,BUG,315,50,75,45,40,45,60
Escavalier,BUG,495,70,135,105,60,105,20
Foongus,GRASS,294,69,55,45,55,55,15
Amoonguss,GRASS,464,114,85,70,85,80,30
Frillish,WATER,335,55,40,50,65,85,40
Jellicent,WATER,480,100,60,70,85,105,60
Alomomola,WATER,470,165,75,80,40,45,65
Joltik,BUG,319,50,47,50,57,50,65
Galvantula,BUG,472,70,77,60,97,60,108
Ferroseed,GRASS,305,44,50,91,24,86,10
Ferrothorn,GRASS,489,74,94,131,54,116,20
Klink,STEEL,300,40,55,70,45,60,30
Klang,STEEL,440,60,80,95,70,85,50
Klinklang,STEEL,520,60,100,115,70,85,90
Tynamo,ELECTRIC,275,35,55,40,45,40,60
Eelektrik,ELECTRIC,405,65,85,70,75,70,40
Eelektross,ELECTRIC,515,85,115,80,105,80,50
Elgyem,PSYCHIC,335,55,55,55,85,55,30
Beheeyem,PSYCHIC,485,75,75,75,125,95,40
Litwick,GHOST,275,50,30,55,65,55,20
Lampent,GHOST,370,60,40,60,95,60,55
Chandelure,GHOST,520,60,55,90,145,90,80
Axew,DRAGON,320,46,87,60,30,40,57
Fraxure,DRAGON,410,66,117,70,40,50,67
Haxorus,DRAGON,540,76,147,90,60,70,97
Cubchoo,ICE,305,55,70,40,60,40,40
Beartic,ICE,485,95,110,80,70,80,50
Cryogonal,ICE,485,70,50,30,95,135,105
Shelmet,BUG,305,50,40,85,40,65,25
Accelgor,BUG,495,80,70,40,100,60,145
Stunfisk,ELECTRIC,471,109,66,84,81,99,32
Mienfoo,FIGHTING,350,45,85,50,55,50,65
Mienshao,FIGHTING,510,65,125,60,95,60,105
Druddigon,DRAGON,485,77,120,90,60,90,48
Golett,GROUND,303,59,74,50,35,50,35
Golurk,GROUND,483,89,124,80,55,80,55
Pawniard,DARK,340,45,85,70,40,40,60
Bisharp,DARK,490,65,125,100,60,70,70
Bouffalant,NORMAL,490,95,110,95,40,95,55
Rufflet,NORMAL,350,70,83,50,37,50,60
Braviary,NORMAL,510,100,123,75,57,75,80
Vullaby,DARK,370,70,55,75,45,65,60
Mandibuzz,DARK,510,110,65,105,55,95,80
Heatmor,FIRE,484,85,97,66,105,66,65
Durant,BUG,484,58,109,112,48,48,109
Deino,DARK,300,52,65,50,45,50,38
Zweilous,DARK,420,72,85,70,65,70,58
Hydreigon,DARK,600,92,105,90,125,90,98
Larvesta,BUG,360,55,85,55,50,55,60
Volcarona,BUG,550,85,60,65,135,105,100
Cobalion,STEEL,580,91,90,129,90,72,108
Terrakion,ROCK,580,91,129,90,72,90,108
Virizion,GRASS,580,91,90,72,90,129,108
Tornadus- Incarnate Forme,FLYING,580,79,115,70,125,80,111
Tornadus- Therian Forme,FLYING,580,79,100,80,110,90,121
Thundurus- Incarnate Forme,ELECTRIC,580,79,115,70,125,80,111
Thundurus- Therian Forme,ELECTRIC,580,79,105,70,145,80,101
Reshiram,DRAGON,680,100,120,100,150,120,90
Zekrom,DRAGON,680,100,150,120,120,100,90
Landorus- Incarnate Forme,GROUND,600,89,125,90,115,80,101
Landorus- Therian Forme,GROUND,600,89,145,90,105,80,91
Kyurem,DRAGON,660,125,130,90,130,90,95
White Kyurem,DRAGON,700,125,120,90,170,100,95
Black Kyurem,DRAGON,700,125,170,100,120,90,95
Keldeo- Ordinary Forme,WATER,580,91,72,90,129,90,108
Keldeo- Resolute Forme,WATER,580,91,72,90,129,90,108
Meloetta- Aria Forme,NORMAL,600,100,77,77,128,128,90
Meloetta- Pirouette Forme,NORMAL,600,100,128,90,77,77,128
Genesect,BUG,600,71,120,95,120,95,99
Chespin,GRASS,313,56,61,65,48,45,38
Quilladin,GRASS,405,61,78,95,56,58,57
Chesnaught,GRASS,530,88,107,122,74,75,64
Fennekin,FIRE,307,40,45,40,62,60,60
Braixen,FIRE,409,59,59,58,90,70,73
Delphox,FIRE,534,75,69,72,114,100,104
Froakie,WATER,314,41,56,40,62,44,71
Frogadier,WATER,405,54,63,52,83,56,97
Greninja,WATER,530,72,95,67,103,71,122
Bunnelby,NORMAL,237,38,36,38,32,36,57
Diggersby,NORMAL,423,85,56,77,50,77,78
Fletchling,NORMAL,278,45,50,43,40,38,62
Fletchinder,FIRE,382,62,73,55,56,52,84
Talonflame,FIRE,499,78,81,71,74,69,126
Scatterbug,BUG,200,38,35,40,27,25,35
Spewpa,BUG,213,45,22,60,27,30,29
Vivillon,BUG,411,80,52,50,90,50,89
Litleo,FIRE,369,62,50,58,73,54,72
Pyroar,FIRE,507,86,68,72,109,66,106
Flabébé,FAIRY,303,44,38,39,61,79,42
Floette,FAIRY,371,54,45,47,75,98,52
Florges,FAIRY,552,78,65,68,112,154,75
Skiddo,GRASS,350,66,65,48,62,57,52
Gogoat,GRASS,531,123,100,62,97,81,68
Pancham,FIGHTING,348,67,82,62,46,48,43
Pangoro,FIGHTING,495,95,124,78,69,71,58
Furfrou,NORMAL,472,75,80,60,65,90,102
Espurr,PSYCHIC,355,62,48,54,63,60,68
Meowstic,PSYCHIC,466,74,48,76,83,81,104
Honedge,STEEL,325,45,80,100,35,37,28
Doublade,STEEL,448,59,110,150,45,49,35
Aegislash- Blade Forme,STEEL,520,60,150,50,150,50,60
Aegislash- Shield Forme,STEEL,520,60,50,150,50,150,60
Spritzee,FAIRY,341,78,52,60,63,65,23
Aromatisse,FAIRY,462,101,72,72,99,89,29
Swirlix,FAIRY,341,62,48,66,59,57,49
Slurpuff,FAIRY,480,82,80,86,85,75,72
Inkay,DARK,288,53,54,53,37,46,45
Malamar,DARK,482,86,92,88,68,75,73
Binacle,ROCK,306,42,52,67,39,56,50
Barbaracle,ROCK,500,72,105,115,54,86,68
Skrelp,POISON,320,50,60,60,60,60,30
Dragalge,POISON,494,65,75,90,97,123,44
Clauncher,WATER,330,50,53,62,58,63,44
Clawitzer,WATER,500,71,73,88,120,89,59
Helioptile,ELECTRIC,289,44,38,33,61,43,70
Heliolisk,ELECTRIC,481,62,55,52,109,94,109
Tyrunt,ROCK,362,58,89,77,45,45,48
Tyrantrum,ROCK,521,82,121,119,69,59,71
Amaura,ROCK,362,77,59,50,67,63,46
Aurorus,ROCK,521,123,77,72,99,92,58
Sylveon,FAIRY,525,95,65,65,110,130,60
Hawlucha,FIGHTING,500,78,92,75,74,63,118
Dedenne,ELECTRIC,431,67,58,57,81,67,101
Carbink,ROCK,500,50,50,150,50,150,50
Goomy,DRAGON,300,45,50,35,55,75,40
Sliggoo,DRAGON,452,68,75,53,83,113,60
Goodra,DRAGON,600,90,100,70,110,150,80
Klefki,STEEL,470,57,80,91,80,87,75
Phantump,GHOST,309,43,70,48,50,60,38
Trevenant,GHOST,474,85,110,76,65,82,56
Pumpkaboo- Average Size,GHOST,335,49,66,70,44,55,51
Pumpkaboo- Small Size,GHOST,335,44,66,70,44,55,56
Pumpkaboo- Large Size,GHOST,335,54,66,70,44,55,46
Pumpkaboo- Super Size,GHOST,335,59,66,70,44,55,41
Gourgeist- Average Size,GHOST,494,65,90,122,58,75,84
Gourgeist- Small Size,GHOST,494,55,85,122,58,75,99
Gourgeist- Large Size,GHOST,494,75,95,122,58,75,69
Gourgeist-Super Size,GHOST,494,85,100,122,58,75,54
Bergmite,ICE,304,55,69,85,32,35,28
Avalugg,ICE,514,95,117,184,44,46,28
Noibat,FLYING,245,40,30,35,45,40,55
Noivern,FLYING,535,85,70,80,97,80,123
Xerneas,FAIRY,680,126,131,95,131,98,99
Yveltal,DARK,680,126,131,95,131,98,99
Zygarde,DRAGON,600,108,100,121,81,95,95
